card_id,title,category,use_case,agent_benefit,tags,assigned_agent,status,blog_title,timestamp
AIX.CASCADE.001,Evolving AI Maturity Models,Prompt Frameworks > Strategic Execution,Helps leaders benchmark where they are across AI adoption stages.,"Clarifies gaps between experimentation, orchestration, and transformation.","['prompt', 'agentic', 'automation', 'strategy']",Dr. Grant,converted,AI Isn't Magic—It's a Maturity Journey,2025-05-12T05:48:43.636942
AIX.CASCADE.002,Agent-Readiness Diagnostic,Prompt Frameworks > Strategic Execution,Evaluates whether a team is ready to shift from tools to autonomous agents.,Builds shared readiness score and investment roadmap.,"['prompt', 'agentic', 'automation', 'strategy']",Dr. Sabina,converted,Are You Agent Ready? 5 Signals to Watch,2025-05-12T05:48:43.636956
AIX.CASCADE.003,The Productivity Stack Breakdown,Prompt Frameworks > Strategic Execution,"Separates task-level, tool-level, and system-level productivity.",Maps prompt use cases to measurable ROI.,"['prompt', 'agentic', 'automation', 'strategy']",QBLucy,converted,Stacks of Value: The Anatomy of an AI Productivity Model,2025-05-12T05:48:43.636959
AIX.CASCADE.004,Six-Stage AI Activation Plan,Prompt Frameworks > Strategic Execution,"Guides orgs through strategy, pilot, and scale phases.",Standardizes AI execution in complex systems.,"['prompt', 'agentic', 'automation', 'strategy']",Dr. Grant,converted,"Activate, Automate, Accelerate: A 6-Stage Guide",2025-05-12T05:48:43.636963
AIX.CASCADE.005,From Copilot to Autopilot,Prompt Frameworks > Strategic Execution,Explains the shift from assistive AI to autonomous systems.,Prepares leadership for letting agents lead.,"['prompt', 'agentic', 'automation', 'strategy']",Dr. Grant,converted,Trusting the Wheel: The Copilot to Autopilot Transition,2025-05-12T05:48:43.636966
AIX.CASCADE.006,Build vs Buy Prompting Matrix,Prompt Frameworks > Strategic Execution,Helps teams decide when to customize vs subscribe.,Reduces waste in tool selection and training.,"['prompt', 'agentic', 'automation', 'strategy']",Dr. Burby,converted,Should You Build or Buy? Prompting the Right AI Path,2025-05-12T05:48:43.636972
AIX.CASCADE.007,Strategic Data Layer Prompts,Prompt Frameworks > Strategic Execution,Organizes how to connect backend data to front-end AI agents.,Strengthens logic chain between source and prompt.,"['prompt', 'agentic', 'automation', 'strategy']",Professor Lee,converted,Data to Decision: Mapping Strategic Layers,2025-05-12T05:48:43.636978
AIX.CASCADE.008,Micro-SaaS Agent Blueprint,Prompt Frameworks > Strategic Execution,Designs AI-powered point solutions for niche problems.,Builds revenue-ready tools with small dev effort.,"['prompt', 'agentic', 'automation', 'strategy']",Dr. Match,converted,How to Build Micro-SaaS with Just One Prompt,2025-05-12T05:48:43.636986
AIX.CASCADE.009,AI Value Chain Mapping,Prompt Frameworks > Strategic Execution,Outlines touchpoints where AI creates leverage in business systems.,Supports value-mapped investment decisions.,"['prompt', 'agentic', 'automation', 'strategy']",Dr. Burby,converted,The Prompt-Driven Value Chain,2025-05-12T05:48:43.636992
AIX.CASCADE.010,Trust Framework Prompt Builder,Prompt Frameworks > Strategic Execution,"Creates policy-aligned, risk-conscious prompt workflows.",Balances innovation with compliance visibility.,"['prompt', 'agentic', 'automation', 'strategy']",Dr. Grant,converted,Prompting for Trust in the Age of Agents,2025-05-12T05:48:43.636995
AIX.CASCADE.011,RAG Use Case Prioritization,Prompt Frameworks > Strategic Execution,Identifies where Retrieval-Augmented Generation adds clarity.,Builds efficient document systems for agents.,"['prompt', 'agentic', 'automation', 'strategy']",Professor Lee,converted,RAG in Action: Where Memory Matters Most,2025-05-12T05:48:43.636999
AIX.CASCADE.012,Agent Governance Grid,Prompt Frameworks > Strategic Execution,Classifies oversight levels for AI agents by risk and function.,Defines review cycles and handoffs for safety.,"['prompt', 'agentic', 'automation', 'strategy']",Dr. Grant,converted,The Governance Grid for Agent Teams,2025-05-12T05:48:43.637002
AIX.CASCADE.013,Prompt ROI Model,Prompt Frameworks > Strategic Execution,Quantifies value of high-impact prompts over time.,Supports budget justification and reuse.,"['prompt', 'agentic', 'automation', 'strategy']",Dr. Burby,converted,The ROI of a Prompt: Measuring Micro Wins,2025-05-12T05:48:43.637006
AIX.CASCADE.014,Intelligent Escalation Design,Prompt Frameworks > Strategic Execution,Routes low-confidence answers to human advisors.,Protects service quality while scaling agent touchpoints.,"['prompt', 'agentic', 'automation', 'strategy']",Dr. Sabina,converted,Knowing When to Escalate: Prompt Safety Flows,2025-05-12T05:48:43.637010
AIX.CASCADE.015,Executive AI Adoption Brief,Prompt Frameworks > Strategic Execution,Summarizes key themes for C-suite adoption roadmaps.,Aligns AI tactics with board-level strategy.,"['prompt', 'agentic', 'automation', 'strategy']",Dr. Grant,converted,The C-Suite’s AI Cheat Sheet,2025-05-12T05:48:43.637013
AIX.CASCADE.016,Prompt Portfolio Management,Prompt Frameworks > Strategic Execution,Curates top-performing prompts into a living library.,Improves reusability and lifecycle tracking.,"['prompt', 'agentic', 'automation', 'strategy']",QBLucy,converted,Managing Your Prompt IP,2025-05-12T05:48:43.637016
AIX.CASCADE.017,Agentic Ethics Scenario Planner,Prompt Frameworks > Strategic Execution,Walks through dilemma simulations to align on values.,Builds moral reasoning into workflows.,"['prompt', 'agentic', 'automation', 'strategy']",Dr. Grant,converted,The Prompted Conscience: Ethics Simulators,2025-05-12T05:48:43.637020
AIX.CASCADE.018,Cross-Team Prompt Deployment Guide,Prompt Frameworks > Strategic Execution,Enables cross-functional teams to reuse prompts with adaptation layers.,Boosts enterprise prompt literacy and collaboration.,"['prompt', 'agentic', 'automation', 'strategy']",Dr. Sabina,converted,When Sales Uses Ops Prompts (And It Works),2025-05-12T05:48:43.637024
AIX.CASCADE.019,Signal-to-Action Prompt Flow,Prompt Frameworks > Strategic Execution,Connects data anomalies to agent behaviors and outputs.,Automates decision loops from trigger to action.,"['prompt', 'agentic', 'automation', 'strategy']",Professor Lee,converted,From Input to Impact: Signal Chains in Agents,2025-05-12T05:48:43.637028
AIX.CASCADE.020,Agent Performance Audit Prompts,Prompt Frameworks > Strategic Execution,"Evaluates quality, accuracy, and latency of agent outputs.",Supports SLAs and ongoing model tuning.,"['prompt', 'agentic', 'automation', 'strategy']",Dr. Burby,converted,Is Your Agent Actually Working?,2025-05-12T05:48:43.637031
